{"weights":[-0.40644851028919229,0.8455831388632457],"bias":-0.2435053825378419}